region,year,category,mode,powertrain,ev_sales,ev_sales_yoy_growth,ev_stock,ev_stock_yoy_growth,total_stations,total_stations_yoy_growth
Australia,2011,Historical,Cars,EV,,,,,295.0,
Australia,2012,Historical,Cars,EV,,,,,295.0,0.0
Australia,2013,Historical,Cars,EV,,,,,295.0,0.0
Australia,2014,Historical,Cars,EV,,,,,295.0,0.0
Australia,2015,Historical,Cars,EV,,,,,295.0,0.0
Australia,2016,Historical,Cars,EV,,,,,295.0,0.0
Australia,2017,Historical,Cars,EV,,,,,295.0,0.0
Australia,2018,Historical,Cars,EV,,,,,295.0,0.0
Australia,2019,Historical,Cars,EV,,,,,295.0,0.0
Australia,2020,Historical,Cars,EV,,,,,295.0,0.0
Australia,2021,Historical,Cars,EV,,,,,295.0,0.0
Australia,2022,Historical,Cars,EV,,,,,295.0,0.0
Australia,2023,Historical,Cars,EV,,,,,295.0,0.0
Austria,2010,Historical,Cars,EV,,,,,,
Austria,2011,Historical,Cars,EV,,,,,,
Austria,2012,Historical,Cars,EV,,,,,,
Austria,2013,Historical,Cars,EV,,,,,,
Austria,2014,Historical,Cars,EV,,,,,,
Austria,2015,Historical,Cars,EV,,,,,,
Austria,2016,Historical,Cars,EV,,,,,,
Austria,2017,Historical,Cars,EV,,,,,,
Austria,2018,Historical,Cars,EV,,,,,,
Austria,2019,Historical,Cars,EV,,,,,,
Austria,2020,Historical,Cars,EV,,,,,,
Austria,2021,Historical,Cars,EV,,,,,,
Austria,2022,Historical,Cars,EV,,,,,,
Austria,2023,Historical,Cars,EV,,,,,,
Belgium,2010,Historical,Buses,EV,,,,,,
Belgium,2011,Historical,Buses,EV,,,,,,
Belgium,2012,Historical,Buses,EV,,,,,,
Belgium,2013,Historical,Buses,EV,,,,,,
Belgium,2014,Historical,Buses,EV,,,,,,
Belgium,2015,Historical,Buses,EV,,,,,,
Belgium,2016,Historical,Buses,EV,,,,,,
Belgium,2017,Historical,Buses,EV,,,,,,
Belgium,2018,Historical,Buses,EV,,,,,,
Belgium,2019,Historical,Buses,EV,,,,,,
Belgium,2020,Historical,Buses,EV,,,,,,
Belgium,2021,Historical,Buses,EV,,,,,,
Belgium,2022,Historical,Buses,EV,,,,,,
Belgium,2023,Historical,Buses,EV,,,,,,
Belgium,2010,Historical,Cars,EV,,,,,,
Belgium,2011,Historical,Cars,EV,,,,,,
Belgium,2012,Historical,Cars,EV,,,,,,
Belgium,2013,Historical,Cars,EV,,,,,,
Belgium,2014,Historical,Cars,EV,,,,,,
Belgium,2015,Historical,Cars,EV,,,,,,
Belgium,2016,Historical,Cars,EV,,,,,,
Belgium,2017,Historical,Cars,EV,,,,,,
Belgium,2018,Historical,Cars,EV,,,,,,
Belgium,2019,Historical,Cars,EV,,,,,,
Belgium,2020,Historical,Cars,EV,,,,,,
Belgium,2021,Historical,Cars,EV,,,,,,
Belgium,2022,Historical,Cars,EV,,,,,,
Belgium,2023,Historical,Cars,EV,,,,,,
Belgium,2010,Historical,Trucks,EV,,,,,,
Belgium,2011,Historical,Trucks,EV,,,,,,
Belgium,2012,Historical,Trucks,EV,,,,,,
Belgium,2013,Historical,Trucks,EV,,,,,,
Belgium,2014,Historical,Trucks,EV,,,,,,
Belgium,2015,Historical,Trucks,EV,,,,,,
Belgium,2016,Historical,Trucks,EV,,,,,,
Belgium,2017,Historical,Trucks,EV,,,,,,
Belgium,2018,Historical,Trucks,EV,,,,,,
Belgium,2019,Historical,Trucks,EV,,,,,,
Belgium,2020,Historical,Trucks,EV,,,,,,
Belgium,2021,Historical,Trucks,EV,,,,,,
Belgium,2022,Historical,Trucks,EV,,,,,,
Belgium,2023,Historical,Trucks,EV,,,,,,
Belgium,2010,Historical,Vans,EV,,,,,,
Belgium,2011,Historical,Vans,EV,,,,,,
Belgium,2012,Historical,Vans,EV,,,,,,
Belgium,2013,Historical,Vans,EV,,,,,,
Belgium,2014,Historical,Vans,EV,,,,,,
Belgium,2015,Historical,Vans,EV,,,,,,
Belgium,2016,Historical,Vans,EV,,,,,,
Belgium,2017,Historical,Vans,EV,,,,,,
Belgium,2018,Historical,Vans,EV,,,,,,
Belgium,2019,Historical,Vans,EV,,,,,,
Belgium,2020,Historical,Vans,EV,,,,,,
Belgium,2021,Historical,Vans,EV,,,,,,
Belgium,2022,Historical,Vans,EV,,,,,,
Belgium,2023,Historical,Vans,EV,,,,,,
Brazil,2013,Historical,Buses,EV,,,,,279.0,
Brazil,2015,Historical,Buses,EV,,,,,279.0,0.0
Brazil,2016,Historical,Buses,EV,,,,,279.0,0.0
Brazil,2017,Historical,Buses,EV,,,,,279.0,0.0
Brazil,2018,Historical,Buses,EV,,,,,279.0,0.0
Brazil,2019,Historical,Buses,EV,,,,,279.0,0.0
Brazil,2020,Historical,Buses,EV,,,,,279.0,0.0
Brazil,2021,Historical,Buses,EV,,,,,279.0,0.0
Brazil,2022,Historical,Buses,EV,,,,,279.0,0.0
Brazil,2023,Historical,Buses,EV,,,,,279.0,0.0
Brazil,2010,Historical,Cars,EV,,,,,279.0,
Brazil,2011,Historical,Cars,EV,,,,,279.0,0.0
Brazil,2012,Historical,Cars,EV,,,,,279.0,0.0
Brazil,2013,Historical,Cars,EV,,,,,279.0,0.0
Brazil,2014,Historical,Cars,EV,,,,,279.0,0.0
Brazil,2015,Historical,Cars,EV,,,,,279.0,0.0
Brazil,2016,Historical,Cars,EV,,,,,279.0,0.0
Brazil,2017,Historical,Cars,EV,,,,,279.0,0.0
Brazil,2018,Historical,Cars,EV,,,,,279.0,0.0
Brazil,2019,Historical,Cars,EV,,,,,279.0,0.0
Brazil,2020,Historical,Cars,EV,,,,,279.0,0.0
Brazil,2021,Historical,Cars,EV,,,,,279.0,0.0
Brazil,2022,Historical,Cars,EV,,,,,279.0,0.0
Brazil,2023,Historical,Cars,EV,,,,,279.0,0.0
Brazil,2018,Historical,Trucks,EV,,,,,279.0,
Brazil,2019,Historical,Trucks,EV,,,,,279.0,0.0
Brazil,2020,Historical,Trucks,EV,,,,,279.0,0.0
Brazil,2021,Historical,Trucks,EV,,,,,279.0,0.0
Brazil,2022,Historical,Trucks,EV,,,,,279.0,0.0
Brazil,2023,Historical,Trucks,EV,,,,,279.0,0.0
Brazil,2013,Historical,Vans,EV,,,,,279.0,
Brazil,2014,Historical,Vans,EV,,,,,279.0,0.0
Brazil,2015,Historical,Vans,EV,,,,,279.0,0.0
Brazil,2016,Historical,Vans,EV,,,,,279.0,0.0
Brazil,2017,Historical,Vans,EV,,,,,279.0,0.0
Brazil,2018,Historical,Vans,EV,,,,,279.0,0.0
Brazil,2019,Historical,Vans,EV,,,,,279.0,0.0
Brazil,2020,Historical,Vans,EV,,,,,279.0,0.0
Brazil,2021,Historical,Vans,EV,,,,,279.0,0.0
Brazil,2022,Historical,Vans,EV,,,,,279.0,0.0
Brazil,2023,Historical,Vans,EV,,,,,279.0,0.0
Bulgaria,2015,Historical,Cars,EV,,,,,,
Bulgaria,2016,Historical,Cars,EV,,,,,,
Bulgaria,2017,Historical,Cars,EV,,,,,,
Bulgaria,2018,Historical,Cars,EV,,,,,,
Bulgaria,2019,Historical,Cars,EV,,,,,,
Bulgaria,2021,Historical,Cars,EV,,,,,,
Bulgaria,2022,Historical,Cars,EV,,,,,,
Bulgaria,2023,Historical,Cars,EV,,,,,,
Canada,2016,Historical,Buses,EV,,,,,257.0,
Canada,2017,Historical,Buses,EV,,,,,257.0,0.0
Canada,2018,Historical,Buses,EV,,,,,257.0,0.0
Canada,2019,Historical,Buses,EV,,,,,257.0,0.0
Canada,2020,Historical,Buses,EV,,,,,257.0,0.0
Canada,2021,Historical,Buses,EV,,,,,257.0,0.0
Canada,2022,Historical,Buses,EV,,,,,257.0,0.0
Canada,2023,Historical,Buses,EV,,,,,257.0,0.0
Canada,2011,Historical,Cars,EV,,,,,257.0,
Canada,2012,Historical,Cars,EV,,,,,257.0,0.0
Canada,2013,Historical,Cars,EV,,,,,257.0,0.0
Canada,2014,Historical,Cars,EV,,,,,257.0,0.0
Canada,2015,Historical,Cars,EV,,,,,257.0,0.0
Canada,2016,Historical,Cars,EV,,,,,257.0,0.0
Canada,2017,Historical,Cars,EV,,,,,257.0,0.0
Canada,2018,Historical,Cars,EV,,,,,257.0,0.0
Canada,2019,Historical,Cars,EV,,,,,257.0,0.0
Canada,2020,Historical,Cars,EV,,,,,257.0,0.0
Canada,2021,Historical,Cars,EV,,,,,257.0,0.0
Canada,2022,Historical,Cars,EV,,,,,257.0,0.0
Canada,2023,Historical,Cars,EV,,,,,257.0,0.0
Canada,2010,Historical,Trucks,EV,,,,,257.0,
Canada,2011,Historical,Trucks,EV,,,,,257.0,0.0
Canada,2012,Historical,Trucks,EV,,,,,257.0,0.0
Canada,2013,Historical,Trucks,EV,,,,,257.0,0.0
Canada,2014,Historical,Trucks,EV,,,,,257.0,0.0
Canada,2015,Historical,Trucks,EV,,,,,257.0,0.0
Canada,2016,Historical,Trucks,EV,,,,,257.0,0.0
Canada,2017,Historical,Trucks,EV,,,,,257.0,0.0
Canada,2018,Historical,Trucks,EV,,,,,257.0,0.0
Canada,2019,Historical,Trucks,EV,,,,,257.0,0.0
Canada,2020,Historical,Trucks,EV,,,,,257.0,0.0
Canada,2021,Historical,Trucks,EV,,,,,257.0,0.0
Canada,2022,Historical,Trucks,EV,,,,,257.0,0.0
Canada,2023,Historical,Trucks,EV,,,,,257.0,0.0
Canada,2015,Historical,Vans,EV,,,,,257.0,
Canada,2016,Historical,Vans,EV,,,,,257.0,0.0
Canada,2017,Historical,Vans,EV,,,,,257.0,0.0
Canada,2018,Historical,Vans,EV,,,,,257.0,0.0
Canada,2019,Historical,Vans,EV,,,,,257.0,0.0
Canada,2020,Historical,Vans,EV,,,,,257.0,0.0
Canada,2021,Historical,Vans,EV,,,,,257.0,0.0
Canada,2022,Historical,Vans,EV,,,,,257.0,0.0
Canada,2023,Historical,Vans,EV,,,,,257.0,0.0
Chile,2011,Historical,Cars,EV,,,,,,
Chile,2012,Historical,Cars,EV,,,,,,
Chile,2013,Historical,Cars,EV,,,,,,
Chile,2014,Historical,Cars,EV,,,,,,
Chile,2015,Historical,Cars,EV,,,,,,
Chile,2016,Historical,Cars,EV,,,,,,
Chile,2017,Historical,Cars,EV,,,,,,
Chile,2018,Historical,Cars,EV,,,,,,
Chile,2019,Historical,Cars,EV,,,,,,
Chile,2020,Historical,Cars,EV,,,,,,
Chile,2021,Historical,Cars,EV,,,,,,
Chile,2022,Historical,Cars,EV,,,,,,
Chile,2023,Historical,Cars,EV,,,,,,
China,2010,Historical,Buses,EV,,,,,319.0,
China,2011,Historical,Buses,EV,,,,,319.0,0.0
China,2012,Historical,Buses,EV,,,,,319.0,0.0
China,2013,Historical,Buses,EV,,,,,319.0,0.0
China,2014,Historical,Buses,EV,,,,,319.0,0.0
China,2015,Historical,Buses,EV,,,,,319.0,0.0
China,2016,Historical,Buses,EV,,,,,319.0,0.0
China,2017,Historical,Buses,EV,,,,,319.0,0.0
China,2018,Historical,Buses,EV,,,,,319.0,0.0
China,2019,Historical,Buses,EV,,,,,319.0,0.0
China,2020,Historical,Buses,EV,,,,,319.0,0.0
China,2021,Historical,Buses,EV,,,,,319.0,0.0
China,2022,Historical,Buses,EV,,,,,319.0,0.0
China,2023,Historical,Buses,EV,,,,,319.0,0.0
China,2010,Historical,Cars,EV,,,,,319.0,
China,2011,Historical,Cars,EV,,,,,319.0,0.0
China,2012,Historical,Cars,EV,,,,,319.0,0.0
China,2013,Historical,Cars,EV,,,,,319.0,0.0
China,2014,Historical,Cars,EV,,,,,319.0,0.0
China,2015,Historical,Cars,EV,,,,,319.0,0.0
China,2016,Historical,Cars,EV,,,,,319.0,0.0
China,2017,Historical,Cars,EV,,,,,319.0,0.0
China,2018,Historical,Cars,EV,,,,,319.0,0.0
China,2019,Historical,Cars,EV,,,,,319.0,0.0
China,2020,Historical,Cars,EV,,,,,319.0,0.0
China,2021,Historical,Cars,EV,,,,,319.0,0.0
China,2022,Historical,Cars,EV,,,,,319.0,0.0
China,2023,Historical,Cars,EV,,,,,319.0,0.0
China,2010,Historical,Trucks,EV,,,,,319.0,
China,2011,Historical,Trucks,EV,,,,,319.0,0.0
China,2012,Historical,Trucks,EV,,,,,319.0,0.0
China,2013,Historical,Trucks,EV,,,,,319.0,0.0
China,2014,Historical,Trucks,EV,,,,,319.0,0.0
China,2015,Historical,Trucks,EV,,,,,319.0,0.0
China,2016,Historical,Trucks,EV,,,,,319.0,0.0
China,2017,Historical,Trucks,EV,,,,,319.0,0.0
China,2018,Historical,Trucks,EV,,,,,319.0,0.0
China,2019,Historical,Trucks,EV,,,,,319.0,0.0
China,2020,Historical,Trucks,EV,,,,,319.0,0.0
China,2021,Historical,Trucks,EV,,,,,319.0,0.0
China,2022,Historical,Trucks,EV,,,,,319.0,0.0
China,2023,Historical,Trucks,EV,,,,,319.0,0.0
China,2010,Historical,Vans,EV,,,,,319.0,
China,2011,Historical,Vans,EV,,,,,319.0,0.0
China,2012,Historical,Vans,EV,,,,,319.0,0.0
China,2013,Historical,Vans,EV,,,,,319.0,0.0
China,2014,Historical,Vans,EV,,,,,319.0,0.0
China,2015,Historical,Vans,EV,,,,,319.0,0.0
China,2016,Historical,Vans,EV,,,,,319.0,0.0
China,2017,Historical,Vans,EV,,,,,319.0,0.0
China,2018,Historical,Vans,EV,,,,,319.0,0.0
China,2019,Historical,Vans,EV,,,,,319.0,0.0
China,2020,Historical,Vans,EV,,,,,319.0,0.0
China,2021,Historical,Vans,EV,,,,,319.0,0.0
China,2022,Historical,Vans,EV,,,,,319.0,0.0
China,2023,Historical,Vans,EV,,,,,319.0,0.0
Colombia,2015,Historical,Cars,EV,,,,,,
Colombia,2016,Historical,Cars,EV,,,,,,
Colombia,2017,Historical,Cars,EV,,,,,,
Colombia,2018,Historical,Cars,EV,,,,,,
Colombia,2019,Historical,Cars,EV,,,,,,
Colombia,2020,Historical,Cars,EV,,,,,,
Colombia,2021,Historical,Cars,EV,,,,,,
Colombia,2022,Historical,Cars,EV,,,,,,
Colombia,2023,Historical,Cars,EV,,,,,,
Costa Rica,2015,Historical,Cars,EV,,,,,,
Costa Rica,2016,Historical,Cars,EV,,,,,,
Costa Rica,2017,Historical,Cars,EV,,,,,,
Costa Rica,2018,Historical,Cars,EV,,,,,,
Costa Rica,2019,Historical,Cars,EV,,,,,,
Costa Rica,2020,Historical,Cars,EV,,,,,,
Costa Rica,2021,Historical,Cars,EV,,,,,,
Costa Rica,2022,Historical,Cars,EV,,,,,,
Costa Rica,2023,Historical,Cars,EV,,,,,,
Croatia,2019,Historical,Cars,EV,,,,,,
Croatia,2020,Historical,Cars,EV,,,,,,
Croatia,2021,Historical,Cars,EV,,,,,,
Croatia,2022,Historical,Cars,EV,,,,,,
Croatia,2023,Historical,Cars,EV,,,,,,
Cyprus,2019,Historical,Cars,EV,,,,,,
Cyprus,2020,Historical,Cars,EV,,,,,,
Cyprus,2021,Historical,Cars,EV,,,,,,
Cyprus,2022,Historical,Cars,EV,,,,,,
Cyprus,2023,Historical,Cars,EV,,,,,,
Czech Republic,2015,Historical,Cars,EV,,,,,,
Czech Republic,2016,Historical,Cars,EV,,,,,,
Czech Republic,2017,Historical,Cars,EV,,,,,,
Czech Republic,2018,Historical,Cars,EV,,,,,,
Czech Republic,2019,Historical,Cars,EV,,,,,,
Czech Republic,2020,Historical,Cars,EV,,,,,,
Czech Republic,2021,Historical,Cars,EV,,,,,,
Czech Republic,2022,Historical,Cars,EV,,,,,,
Czech Republic,2023,Historical,Cars,EV,,,,,,
Denmark,2011,Historical,Buses,EV,,,,,,
Denmark,2012,Historical,Buses,EV,,,,,,
Denmark,2013,Historical,Buses,EV,,,,,,
Denmark,2014,Historical,Buses,EV,,,,,,
Denmark,2015,Historical,Buses,EV,,,,,,
Denmark,2016,Historical,Buses,EV,,,,,,
Denmark,2017,Historical,Buses,EV,,,,,,
Denmark,2018,Historical,Buses,EV,,,,,,
Denmark,2019,Historical,Buses,EV,,,,,,
Denmark,2020,Historical,Buses,EV,,,,,,
Denmark,2021,Historical,Buses,EV,,,,,,
Denmark,2022,Historical,Buses,EV,,,,,,
Denmark,2023,Historical,Buses,EV,,,,,,
Denmark,2010,Historical,Cars,EV,,,,,,
Denmark,2011,Historical,Cars,EV,,,,,,
Denmark,2012,Historical,Cars,EV,,,,,,
Denmark,2013,Historical,Cars,EV,,,,,,
Denmark,2014,Historical,Cars,EV,,,,,,
Denmark,2015,Historical,Cars,EV,,,,,,
Denmark,2016,Historical,Cars,EV,,,,,,
Denmark,2017,Historical,Cars,EV,,,,,,
Denmark,2018,Historical,Cars,EV,,,,,,
Denmark,2019,Historical,Cars,EV,,,,,,
Denmark,2020,Historical,Cars,EV,,,,,,
Denmark,2021,Historical,Cars,EV,,,,,,
Denmark,2022,Historical,Cars,EV,,,,,,
Denmark,2023,Historical,Cars,EV,,,,,,
Denmark,2010,Historical,Trucks,EV,,,,,,
Denmark,2011,Historical,Trucks,EV,,,,,,
Denmark,2012,Historical,Trucks,EV,,,,,,
Denmark,2013,Historical,Trucks,EV,,,,,,
Denmark,2014,Historical,Trucks,EV,,,,,,
Denmark,2015,Historical,Trucks,EV,,,,,,
Denmark,2016,Historical,Trucks,EV,,,,,,
Denmark,2017,Historical,Trucks,EV,,,,,,
Denmark,2018,Historical,Trucks,EV,,,,,,
Denmark,2019,Historical,Trucks,EV,,,,,,
Denmark,2020,Historical,Trucks,EV,,,,,,
Denmark,2021,Historical,Trucks,EV,,,,,,
Denmark,2022,Historical,Trucks,EV,,,,,,
Denmark,2023,Historical,Trucks,EV,,,,,,
Denmark,2010,Historical,Vans,EV,,,,,,
Denmark,2011,Historical,Vans,EV,,,,,,
Denmark,2012,Historical,Vans,EV,,,,,,
Denmark,2013,Historical,Vans,EV,,,,,,
Denmark,2014,Historical,Vans,EV,,,,,,
Denmark,2015,Historical,Vans,EV,,,,,,
Denmark,2016,Historical,Vans,EV,,,,,,
Denmark,2017,Historical,Vans,EV,,,,,,
Denmark,2018,Historical,Vans,EV,,,,,,
Denmark,2019,Historical,Vans,EV,,,,,,
Denmark,2020,Historical,Vans,EV,,,,,,
Denmark,2021,Historical,Vans,EV,,,,,,
Denmark,2022,Historical,Vans,EV,,,,,,
Denmark,2023,Historical,Vans,EV,,,,,,
EU27,2010,Historical,Buses,EV,,,,,,
EU27,2011,Historical,Buses,EV,,,,,,
EU27,2012,Historical,Buses,EV,,,,,,
EU27,2013,Historical,Buses,EV,,,,,,
EU27,2014,Historical,Buses,EV,,,,,,
EU27,2015,Historical,Buses,EV,,,,,,
EU27,2016,Historical,Buses,EV,,,,,,
EU27,2017,Historical,Buses,EV,,,,,,
EU27,2018,Historical,Buses,EV,,,,,,
EU27,2019,Historical,Buses,EV,,,,,,
EU27,2020,Historical,Buses,EV,,,,,,
EU27,2021,Historical,Buses,EV,,,,,,
EU27,2022,Historical,Buses,EV,,,,,,
EU27,2023,Historical,Buses,EV,,,,,,
EU27,2010,Historical,Cars,EV,,,,,,
EU27,2011,Historical,Cars,EV,,,,,,
EU27,2012,Historical,Cars,EV,,,,,,
EU27,2013,Historical,Cars,EV,,,,,,
EU27,2014,Historical,Cars,EV,,,,,,
EU27,2015,Historical,Cars,EV,,,,,,
EU27,2016,Historical,Cars,EV,,,,,,
EU27,2017,Historical,Cars,EV,,,,,,
EU27,2018,Historical,Cars,EV,,,,,,
EU27,2019,Historical,Cars,EV,,,,,,
EU27,2020,Historical,Cars,EV,,,,,,
EU27,2021,Historical,Cars,EV,,,,,,
EU27,2022,Historical,Cars,EV,,,,,,
EU27,2023,Historical,Cars,EV,,,,,,
EU27,2010,Historical,Trucks,EV,,,,,,
EU27,2011,Historical,Trucks,EV,,,,,,
EU27,2012,Historical,Trucks,EV,,,,,,
EU27,2013,Historical,Trucks,EV,,,,,,
EU27,2014,Historical,Trucks,EV,,,,,,
EU27,2015,Historical,Trucks,EV,,,,,,
EU27,2016,Historical,Trucks,EV,,,,,,
EU27,2017,Historical,Trucks,EV,,,,,,
EU27,2018,Historical,Trucks,EV,,,,,,
EU27,2019,Historical,Trucks,EV,,,,,,
EU27,2020,Historical,Trucks,EV,,,,,,
EU27,2021,Historical,Trucks,EV,,,,,,
EU27,2022,Historical,Trucks,EV,,,,,,
EU27,2023,Historical,Trucks,EV,,,,,,
EU27,2010,Historical,Vans,EV,,,,,,
EU27,2011,Historical,Vans,EV,,,,,,
EU27,2012,Historical,Vans,EV,,,,,,
EU27,2013,Historical,Vans,EV,,,,,,
EU27,2014,Historical,Vans,EV,,,,,,
EU27,2015,Historical,Vans,EV,,,,,,
EU27,2016,Historical,Vans,EV,,,,,,
EU27,2017,Historical,Vans,EV,,,,,,
EU27,2018,Historical,Vans,EV,,,,,,
EU27,2019,Historical,Vans,EV,,,,,,
EU27,2020,Historical,Vans,EV,,,,,,
EU27,2021,Historical,Vans,EV,,,,,,
EU27,2022,Historical,Vans,EV,,,,,,
EU27,2023,Historical,Vans,EV,,,,,,
Estonia,2015,Historical,Cars,EV,,,,,,
Estonia,2016,Historical,Cars,EV,,,,,,
Estonia,2017,Historical,Cars,EV,,,,,,
Estonia,2018,Historical,Cars,EV,,,,,,
Estonia,2019,Historical,Cars,EV,,,,,,
Estonia,2020,Historical,Cars,EV,,,,,,
Estonia,2021,Historical,Cars,EV,,,,,,
Estonia,2022,Historical,Cars,EV,,,,,,
Estonia,2023,Historical,Cars,EV,,,,,,
Europe,2010,Historical,Buses,EV,,,,,,
Europe,2011,Historical,Buses,EV,,,,,,
Europe,2012,Historical,Buses,EV,,,,,,
Europe,2013,Historical,Buses,EV,,,,,,
Europe,2014,Historical,Buses,EV,,,,,,
Europe,2015,Historical,Buses,EV,,,,,,
Europe,2016,Historical,Buses,EV,,,,,,
Europe,2017,Historical,Buses,EV,,,,,,
Europe,2018,Historical,Buses,EV,,,,,,
Europe,2019,Historical,Buses,EV,,,,,,
Europe,2020,Historical,Buses,EV,,,,,,
Europe,2021,Historical,Buses,EV,,,,,,
Europe,2022,Historical,Buses,EV,,,,,,
Europe,2023,Historical,Buses,EV,,,,,,
Europe,2010,Historical,Cars,EV,,,,,,
Europe,2011,Historical,Cars,EV,,,,,,
Europe,2012,Historical,Cars,EV,,,,,,
Europe,2013,Historical,Cars,EV,,,,,,
Europe,2014,Historical,Cars,EV,,,,,,
Europe,2015,Historical,Cars,EV,,,,,,
Europe,2016,Historical,Cars,EV,,,,,,
Europe,2017,Historical,Cars,EV,,,,,,
Europe,2018,Historical,Cars,EV,,,,,,
Europe,2019,Historical,Cars,EV,,,,,,
Europe,2020,Historical,Cars,EV,,,,,,
Europe,2021,Historical,Cars,EV,,,,,,
Europe,2022,Historical,Cars,EV,,,,,,
Europe,2023,Historical,Cars,EV,,,,,,
Europe,2010,Historical,Trucks,EV,,,,,,
Europe,2011,Historical,Trucks,EV,,,,,,
Europe,2012,Historical,Trucks,EV,,,,,,
Europe,2013,Historical,Trucks,EV,,,,,,
Europe,2014,Historical,Trucks,EV,,,,,,
Europe,2015,Historical,Trucks,EV,,,,,,
Europe,2016,Historical,Trucks,EV,,,,,,
Europe,2017,Historical,Trucks,EV,,,,,,
Europe,2018,Historical,Trucks,EV,,,,,,
Europe,2019,Historical,Trucks,EV,,,,,,
Europe,2020,Historical,Trucks,EV,,,,,,
Europe,2021,Historical,Trucks,EV,,,,,,
Europe,2022,Historical,Trucks,EV,,,,,,
Europe,2023,Historical,Trucks,EV,,,,,,
Europe,2010,Historical,Vans,EV,,,,,,
Europe,2011,Historical,Vans,EV,,,,,,
Europe,2012,Historical,Vans,EV,,,,,,
Europe,2013,Historical,Vans,EV,,,,,,
Europe,2014,Historical,Vans,EV,,,,,,
Europe,2015,Historical,Vans,EV,,,,,,
Europe,2016,Historical,Vans,EV,,,,,,
Europe,2017,Historical,Vans,EV,,,,,,
Europe,2018,Historical,Vans,EV,,,,,,
Europe,2019,Historical,Vans,EV,,,,,,
Europe,2020,Historical,Vans,EV,,,,,,
Europe,2021,Historical,Vans,EV,,,,,,
Europe,2022,Historical,Vans,EV,,,,,,
Europe,2023,Historical,Vans,EV,,,,,,
Finland,2016,Historical,Buses,EV,,,,,,
Finland,2017,Historical,Buses,EV,,,,,,
Finland,2018,Historical,Buses,EV,,,,,,
Finland,2019,Historical,Buses,EV,,,,,,
Finland,2020,Historical,Buses,EV,,,,,,
Finland,2021,Historical,Buses,EV,,,,,,
Finland,2022,Historical,Buses,EV,,,,,,
Finland,2023,Historical,Buses,EV,,,,,,
Finland,2011,Historical,Cars,EV,,,,,,
Finland,2012,Historical,Cars,EV,,,,,,
Finland,2013,Historical,Cars,EV,,,,,,
Finland,2014,Historical,Cars,EV,,,,,,
Finland,2015,Historical,Cars,EV,,,,,,
Finland,2016,Historical,Cars,EV,,,,,,
Finland,2017,Historical,Cars,EV,,,,,,
Finland,2018,Historical,Cars,EV,,,,,,
Finland,2019,Historical,Cars,EV,,,,,,
Finland,2020,Historical,Cars,EV,,,,,,
Finland,2021,Historical,Cars,EV,,,,,,
Finland,2022,Historical,Cars,EV,,,,,,
Finland,2023,Historical,Cars,EV,,,,,,
Finland,2017,Historical,Trucks,EV,,,,,,
Finland,2019,Historical,Trucks,EV,,,,,,
Finland,2020,Historical,Trucks,EV,,,,,,
Finland,2021,Historical,Trucks,EV,,,,,,
Finland,2022,Historical,Trucks,EV,,,,,,
Finland,2023,Historical,Trucks,EV,,,,,,
Finland,2017,Historical,Vans,EV,,,,,,
Finland,2018,Historical,Vans,EV,,,,,,
Finland,2019,Historical,Vans,EV,,,,,,
Finland,2020,Historical,Vans,EV,,,,,,
Finland,2021,Historical,Vans,EV,,,,,,
Finland,2022,Historical,Vans,EV,,,,,,
Finland,2023,Historical,Vans,EV,,,,,,
France,2010,Historical,Buses,EV,,,,,,
France,2011,Historical,Buses,EV,,,,,,
France,2012,Historical,Buses,EV,,,,,,
France,2013,Historical,Buses,EV,,,,,,
France,2014,Historical,Buses,EV,,,,,,
France,2015,Historical,Buses,EV,,,,,,
France,2016,Historical,Buses,EV,,,,,,
France,2017,Historical,Buses,EV,,,,,,
France,2018,Historical,Buses,EV,,,,,,
France,2019,Historical,Buses,EV,,,,,,
France,2020,Historical,Buses,EV,,,,,,
France,2021,Historical,Buses,EV,,,,,,
France,2022,Historical,Buses,EV,,,,,,
France,2023,Historical,Buses,EV,,,,,,
France,2010,Historical,Cars,EV,,,,,,
France,2011,Historical,Cars,EV,,,,,,
France,2012,Historical,Cars,EV,,,,,,
France,2013,Historical,Cars,EV,,,,,,
France,2014,Historical,Cars,EV,,,,,,
France,2015,Historical,Cars,EV,,,,,,
France,2016,Historical,Cars,EV,,,,,,
France,2017,Historical,Cars,EV,,,,,,
France,2018,Historical,Cars,EV,,,,,,
France,2019,Historical,Cars,EV,,,,,,
France,2020,Historical,Cars,EV,,,,,,
France,2021,Historical,Cars,EV,,,,,,
France,2022,Historical,Cars,EV,,,,,,
France,2023,Historical,Cars,EV,,,,,,
France,2010,Historical,Trucks,EV,,,,,,
France,2011,Historical,Trucks,EV,,,,,,
France,2012,Historical,Trucks,EV,,,,,,
France,2013,Historical,Trucks,EV,,,,,,
France,2014,Historical,Trucks,EV,,,,,,
France,2015,Historical,Trucks,EV,,,,,,
France,2016,Historical,Trucks,EV,,,,,,
France,2017,Historical,Trucks,EV,,,,,,
France,2018,Historical,Trucks,EV,,,,,,
France,2019,Historical,Trucks,EV,,,,,,
France,2020,Historical,Trucks,EV,,,,,,
France,2021,Historical,Trucks,EV,,,,,,
France,2022,Historical,Trucks,EV,,,,,,
France,2023,Historical,Trucks,EV,,,,,,
France,2010,Historical,Vans,EV,,,,,,
France,2011,Historical,Vans,EV,,,,,,
France,2012,Historical,Vans,EV,,,,,,
France,2013,Historical,Vans,EV,,,,,,
France,2014,Historical,Vans,EV,,,,,,
France,2015,Historical,Vans,EV,,,,,,
France,2016,Historical,Vans,EV,,,,,,
France,2017,Historical,Vans,EV,,,,,,
France,2018,Historical,Vans,EV,,,,,,
France,2019,Historical,Vans,EV,,,,,,
France,2020,Historical,Vans,EV,,,,,,
France,2021,Historical,Vans,EV,,,,,,
France,2022,Historical,Vans,EV,,,,,,
France,2023,Historical,Vans,EV,,,,,,
Germany,2016,Historical,Buses,EV,,,,,292.0,
Germany,2017,Historical,Buses,EV,,,,,292.0,0.0
Germany,2018,Historical,Buses,EV,,,,,292.0,0.0
Germany,2019,Historical,Buses,EV,,,,,292.0,0.0
Germany,2020,Historical,Buses,EV,,,,,292.0,0.0
Germany,2021,Historical,Buses,EV,,,,,292.0,0.0
Germany,2022,Historical,Buses,EV,,,,,292.0,0.0
Germany,2023,Historical,Buses,EV,,,,,292.0,0.0
Germany,2010,Historical,Cars,EV,,,,,292.0,
Germany,2011,Historical,Cars,EV,,,,,292.0,0.0
Germany,2012,Historical,Cars,EV,,,,,292.0,0.0
Germany,2013,Historical,Cars,EV,,,,,292.0,0.0
Germany,2014,Historical,Cars,EV,,,,,292.0,0.0
Germany,2015,Historical,Cars,EV,,,,,292.0,0.0
Germany,2016,Historical,Cars,EV,,,,,292.0,0.0
Germany,2017,Historical,Cars,EV,,,,,292.0,0.0
Germany,2018,Historical,Cars,EV,,,,,292.0,0.0
Germany,2019,Historical,Cars,EV,,,,,292.0,0.0
Germany,2020,Historical,Cars,EV,,,,,292.0,0.0
Germany,2021,Historical,Cars,EV,,,,,292.0,0.0
Germany,2022,Historical,Cars,EV,,,,,292.0,0.0
Germany,2023,Historical,Cars,EV,,,,,292.0,0.0
Germany,2018,Historical,Trucks,EV,,,,,292.0,
Germany,2019,Historical,Trucks,EV,,,,,292.0,0.0
Germany,2020,Historical,Trucks,EV,,,,,292.0,0.0
Germany,2021,Historical,Trucks,EV,,,,,292.0,0.0
Germany,2022,Historical,Trucks,EV,,,,,292.0,0.0
Germany,2023,Historical,Trucks,EV,,,,,292.0,0.0
Germany,2010,Historical,Vans,EV,,,,,292.0,
Germany,2011,Historical,Vans,EV,,,,,292.0,0.0
Germany,2012,Historical,Vans,EV,,,,,292.0,0.0
Germany,2013,Historical,Vans,EV,,,,,292.0,0.0
Germany,2014,Historical,Vans,EV,,,,,292.0,0.0
Germany,2015,Historical,Vans,EV,,,,,292.0,0.0
Germany,2016,Historical,Vans,EV,,,,,292.0,0.0
Germany,2017,Historical,Vans,EV,,,,,292.0,0.0
Germany,2018,Historical,Vans,EV,,,,,292.0,0.0
Germany,2019,Historical,Vans,EV,,,,,292.0,0.0
Germany,2020,Historical,Vans,EV,,,,,292.0,0.0
Germany,2021,Historical,Vans,EV,,,,,292.0,0.0
Germany,2022,Historical,Vans,EV,,,,,292.0,0.0
Germany,2023,Historical,Vans,EV,,,,,292.0,0.0
Greece,2013,Historical,Cars,EV,,,,,,
Greece,2014,Historical,Cars,EV,,,,,,
Greece,2015,Historical,Cars,EV,,,,,,
Greece,2016,Historical,Cars,EV,,,,,,
Greece,2017,Historical,Cars,EV,,,,,,
Greece,2018,Historical,Cars,EV,,,,,,
Greece,2019,Historical,Cars,EV,,,,,,
Greece,2020,Historical,Cars,EV,,,,,,
Greece,2021,Historical,Cars,EV,,,,,,
Greece,2022,Historical,Cars,EV,,,,,,
Greece,2023,Historical,Cars,EV,,,,,,
Hungary,2015,Historical,Cars,EV,,,,,,
Hungary,2016,Historical,Cars,EV,,,,,,
Hungary,2017,Historical,Cars,EV,,,,,,
Hungary,2018,Historical,Cars,EV,,,,,,
Hungary,2019,Historical,Cars,EV,,,,,,
Hungary,2020,Historical,Cars,EV,,,,,,
Hungary,2021,Historical,Cars,EV,,,,,,
Hungary,2022,Historical,Cars,EV,,,,,,
Hungary,2023,Historical,Cars,EV,,,,,,
Iceland,2010,Historical,Cars,EV,,,,,,
Iceland,2011,Historical,Cars,EV,,,,,,
Iceland,2012,Historical,Cars,EV,,,,,,
Iceland,2013,Historical,Cars,EV,,,,,,
Iceland,2014,Historical,Cars,EV,,,,,,
Iceland,2015,Historical,Cars,EV,,,,,,
Iceland,2016,Historical,Cars,EV,,,,,,
Iceland,2017,Historical,Cars,EV,,,,,,
Iceland,2018,Historical,Cars,EV,,,,,,
Iceland,2019,Historical,Cars,EV,,,,,,
Iceland,2020,Historical,Cars,EV,,,,,,
Iceland,2021,Historical,Cars,EV,,,,,,
Iceland,2022,Historical,Cars,EV,,,,,,
Iceland,2023,Historical,Cars,EV,,,,,,
India,2015,Historical,Buses,EV,,,,,315.0,
India,2016,Historical,Buses,EV,,,,,315.0,0.0
India,2017,Historical,Buses,EV,,,,,315.0,0.0
India,2018,Historical,Buses,EV,,,,,315.0,0.0
India,2019,Historical,Buses,EV,,,,,315.0,0.0
India,2020,Historical,Buses,EV,,,,,315.0,0.0
India,2021,Historical,Buses,EV,,,,,315.0,0.0
India,2022,Historical,Buses,EV,,,,,315.0,0.0
India,2023,Historical,Buses,EV,,,,,315.0,0.0
India,2010,Historical,Cars,EV,,,,,315.0,
India,2011,Historical,Cars,EV,,,,,315.0,0.0
India,2012,Historical,Cars,EV,,,,,315.0,0.0
India,2013,Historical,Cars,EV,,,,,315.0,0.0
India,2014,Historical,Cars,EV,,,,,315.0,0.0
India,2015,Historical,Cars,EV,,,,,315.0,0.0
India,2016,Historical,Cars,EV,,,,,315.0,0.0
India,2017,Historical,Cars,EV,,,,,315.0,0.0
India,2018,Historical,Cars,EV,,,,,315.0,0.0
India,2019,Historical,Cars,EV,,,,,315.0,0.0
India,2020,Historical,Cars,EV,,,,,315.0,0.0
India,2021,Historical,Cars,EV,,,,,315.0,0.0
India,2022,Historical,Cars,EV,,,,,315.0,0.0
India,2023,Historical,Cars,EV,,,,,315.0,0.0
India,2016,Historical,Vans,EV,,,,,315.0,
India,2017,Historical,Vans,EV,,,,,315.0,0.0
India,2018,Historical,Vans,EV,,,,,315.0,0.0
India,2019,Historical,Vans,EV,,,,,315.0,0.0
India,2020,Historical,Vans,EV,,,,,315.0,0.0
India,2021,Historical,Vans,EV,,,,,315.0,0.0
India,2022,Historical,Vans,EV,,,,,315.0,0.0
India,2023,Historical,Vans,EV,,,,,315.0,0.0
Ireland,2015,Historical,Cars,EV,,,,,,
Ireland,2016,Historical,Cars,EV,,,,,,
Ireland,2017,Historical,Cars,EV,,,,,,
Ireland,2018,Historical,Cars,EV,,,,,,
Ireland,2019,Historical,Cars,EV,,,,,,
Ireland,2020,Historical,Cars,EV,,,,,,
Ireland,2021,Historical,Cars,EV,,,,,,
Ireland,2022,Historical,Cars,EV,,,,,,
Ireland,2023,Historical,Cars,EV,,,,,,
Israel,2013,Historical,Buses,EV,,,,,,
Israel,2016,Historical,Buses,EV,,,,,,
Israel,2017,Historical,Buses,EV,,,,,,
Israel,2018,Historical,Buses,EV,,,,,,
Israel,2019,Historical,Buses,EV,,,,,,
Israel,2020,Historical,Buses,EV,,,,,,
Israel,2021,Historical,Buses,EV,,,,,,
Israel,2022,Historical,Buses,EV,,,,,,
Israel,2023,Historical,Buses,EV,,,,,,
Israel,2010,Historical,Cars,EV,,,,,,
Israel,2011,Historical,Cars,EV,,,,,,
Israel,2012,Historical,Cars,EV,,,,,,
Israel,2013,Historical,Cars,EV,,,,,,
Israel,2014,Historical,Cars,EV,,,,,,
Israel,2015,Historical,Cars,EV,,,,,,
Israel,2016,Historical,Cars,EV,,,,,,
Israel,2017,Historical,Cars,EV,,,,,,
Israel,2018,Historical,Cars,EV,,,,,,
Israel,2019,Historical,Cars,EV,,,,,,
Israel,2020,Historical,Cars,EV,,,,,,
Israel,2021,Historical,Cars,EV,,,,,,
Israel,2022,Historical,Cars,EV,,,,,,
Israel,2023,Historical,Cars,EV,,,,,,
Israel,2020,Historical,Vans,EV,,,,,,
Israel,2021,Historical,Vans,EV,,,,,,
Israel,2022,Historical,Vans,EV,,,,,,
Israel,2023,Historical,Vans,EV,,,,,,
Italy,2016,Historical,Buses,EV,,,,,,
Italy,2017,Historical,Buses,EV,,,,,,
Italy,2018,Historical,Buses,EV,,,,,,
Italy,2019,Historical,Buses,EV,,,,,,
Italy,2020,Historical,Buses,EV,,,,,,
Italy,2021,Historical,Buses,EV,,,,,,
Italy,2022,Historical,Buses,EV,,,,,,
Italy,2023,Historical,Buses,EV,,,,,,
Italy,2010,Historical,Cars,EV,,,,,,
Italy,2011,Historical,Cars,EV,,,,,,
Italy,2012,Historical,Cars,EV,,,,,,
Italy,2013,Historical,Cars,EV,,,,,,
Italy,2014,Historical,Cars,EV,,,,,,
Italy,2015,Historical,Cars,EV,,,,,,
Italy,2016,Historical,Cars,EV,,,,,,
Italy,2017,Historical,Cars,EV,,,,,,
Italy,2018,Historical,Cars,EV,,,,,,
Italy,2019,Historical,Cars,EV,,,,,,
Italy,2020,Historical,Cars,EV,,,,,,
Italy,2021,Historical,Cars,EV,,,,,,
Italy,2022,Historical,Cars,EV,,,,,,
Italy,2023,Historical,Cars,EV,,,,,,
Italy,2010,Historical,Vans,EV,,,,,,
Italy,2011,Historical,Vans,EV,,,,,,
Italy,2012,Historical,Vans,EV,,,,,,
Italy,2013,Historical,Vans,EV,,,,,,
Italy,2014,Historical,Vans,EV,,,,,,
Italy,2015,Historical,Vans,EV,,,,,,
Italy,2016,Historical,Vans,EV,,,,,,
Italy,2017,Historical,Vans,EV,,,,,,
Italy,2018,Historical,Vans,EV,,,,,,
Italy,2019,Historical,Vans,EV,,,,,,
Italy,2020,Historical,Vans,EV,,,,,,
Italy,2021,Historical,Vans,EV,,,,,,
Italy,2022,Historical,Vans,EV,,,,,,
Italy,2023,Historical,Vans,EV,,,,,,
Japan,2011,Historical,Buses,EV,,,,,,
Japan,2012,Historical,Buses,EV,,,,,,
Japan,2013,Historical,Buses,EV,,,,,,
Japan,2014,Historical,Buses,EV,,,,,,
Japan,2015,Historical,Buses,EV,,,,,,
Japan,2016,Historical,Buses,EV,,,,,,
Japan,2017,Historical,Buses,EV,,,,,,
Japan,2018,Historical,Buses,EV,,,,,,
Japan,2019,Historical,Buses,EV,,,,,,
Japan,2020,Historical,Buses,EV,,,,,,
Japan,2021,Historical,Buses,EV,,,,,,
Japan,2022,Historical,Buses,EV,,,,,,
Japan,2023,Historical,Buses,EV,,,,,,
Japan,2010,Historical,Cars,EV,,,,,,
Japan,2011,Historical,Cars,EV,,,,,,
Japan,2012,Historical,Cars,EV,,,,,,
Japan,2013,Historical,Cars,EV,,,,,,
Japan,2014,Historical,Cars,EV,,,,,,
Japan,2015,Historical,Cars,EV,,,,,,
Japan,2016,Historical,Cars,EV,,,,,,
Japan,2017,Historical,Cars,EV,,,,,,
Japan,2018,Historical,Cars,EV,,,,,,
Japan,2019,Historical,Cars,EV,,,,,,
Japan,2020,Historical,Cars,EV,,,,,,
Japan,2021,Historical,Cars,EV,,,,,,
Japan,2022,Historical,Cars,EV,,,,,,
Japan,2023,Historical,Cars,EV,,,,,,
Japan,2018,Historical,Trucks,EV,,,,,,
Japan,2019,Historical,Trucks,EV,,,,,,
Japan,2020,Historical,Trucks,EV,,,,,,
Japan,2021,Historical,Trucks,EV,,,,,,
Japan,2022,Historical,Trucks,EV,,,,,,
Japan,2023,Historical,Trucks,EV,,,,,,
Japan,2011,Historical,Vans,EV,,,,,,
Japan,2012,Historical,Vans,EV,,,,,,
Japan,2013,Historical,Vans,EV,,,,,,
Japan,2014,Historical,Vans,EV,,,,,,
Japan,2015,Historical,Vans,EV,,,,,,
Japan,2016,Historical,Vans,EV,,,,,,
Japan,2017,Historical,Vans,EV,,,,,,
Japan,2018,Historical,Vans,EV,,,,,,
Japan,2019,Historical,Vans,EV,,,,,,
Japan,2020,Historical,Vans,EV,,,,,,
Japan,2021,Historical,Vans,EV,,,,,,
Japan,2022,Historical,Vans,EV,,,,,,
Japan,2023,Historical,Vans,EV,,,,,,
Korea,2010,Historical,Buses,EV,,,,,299.0,
Korea,2011,Historical,Buses,EV,,,,,299.0,0.0
Korea,2012,Historical,Buses,EV,,,,,299.0,0.0
Korea,2013,Historical,Buses,EV,,,,,299.0,0.0
Korea,2014,Historical,Buses,EV,,,,,299.0,0.0
Korea,2015,Historical,Buses,EV,,,,,299.0,0.0
Korea,2016,Historical,Buses,EV,,,,,299.0,0.0
Korea,2017,Historical,Buses,EV,,,,,299.0,0.0
Korea,2018,Historical,Buses,EV,,,,,299.0,0.0
Korea,2019,Historical,Buses,EV,,,,,299.0,0.0
Korea,2020,Historical,Buses,EV,,,,,299.0,0.0
Korea,2021,Historical,Buses,EV,,,,,299.0,0.0
Korea,2022,Historical,Buses,EV,,,,,299.0,0.0
Korea,2023,Historical,Buses,EV,,,,,299.0,0.0
Korea,2010,Historical,Cars,EV,,,,,299.0,
Korea,2011,Historical,Cars,EV,,,,,299.0,0.0
Korea,2012,Historical,Cars,EV,,,,,299.0,0.0
Korea,2013,Historical,Cars,EV,,,,,299.0,0.0
Korea,2014,Historical,Cars,EV,,,,,299.0,0.0
Korea,2015,Historical,Cars,EV,,,,,299.0,0.0
Korea,2016,Historical,Cars,EV,,,,,299.0,0.0
Korea,2017,Historical,Cars,EV,,,,,299.0,0.0
Korea,2018,Historical,Cars,EV,,,,,299.0,0.0
Korea,2019,Historical,Cars,EV,,,,,299.0,0.0
Korea,2020,Historical,Cars,EV,,,,,299.0,0.0
Korea,2021,Historical,Cars,EV,,,,,299.0,0.0
Korea,2022,Historical,Cars,EV,,,,,299.0,0.0
Korea,2023,Historical,Cars,EV,,,,,299.0,0.0
Korea,2015,Historical,Vans,EV,,,,,299.0,
Korea,2016,Historical,Vans,EV,,,,,299.0,0.0
Korea,2017,Historical,Vans,EV,,,,,299.0,0.0
Korea,2018,Historical,Vans,EV,,,,,299.0,0.0
Korea,2019,Historical,Vans,EV,,,,,299.0,0.0
Korea,2020,Historical,Vans,EV,,,,,299.0,0.0
Korea,2021,Historical,Vans,EV,,,,,299.0,0.0
Korea,2022,Historical,Vans,EV,,,,,299.0,0.0
Korea,2023,Historical,Vans,EV,,,,,299.0,0.0
Latvia,2015,Historical,Cars,EV,,,,,,
Latvia,2016,Historical,Cars,EV,,,,,,
Latvia,2017,Historical,Cars,EV,,,,,,
Latvia,2018,Historical,Cars,EV,,,,,,
Latvia,2019,Historical,Cars,EV,,,,,,
Latvia,2020,Historical,Cars,EV,,,,,,
Latvia,2021,Historical,Cars,EV,,,,,,
Latvia,2022,Historical,Cars,EV,,,,,,
Latvia,2023,Historical,Cars,EV,,,,,,
Lithuania,2015,Historical,Cars,EV,,,,,,
Lithuania,2016,Historical,Cars,EV,,,,,,
Lithuania,2017,Historical,Cars,EV,,,,,,
Lithuania,2019,Historical,Cars,EV,,,,,,
Lithuania,2020,Historical,Cars,EV,,,,,,
Lithuania,2021,Historical,Cars,EV,,,,,,
Lithuania,2022,Historical,Cars,EV,,,,,,
Lithuania,2023,Historical,Cars,EV,,,,,,
Luxembourg,2019,Historical,Cars,EV,,,,,,
Luxembourg,2020,Historical,Cars,EV,,,,,,
Luxembourg,2021,Historical,Cars,EV,,,,,,
Luxembourg,2022,Historical,Cars,EV,,,,,,
Luxembourg,2023,Historical,Cars,EV,,,,,,
Mexico,2011,Historical,Cars,EV,,,,,,
Mexico,2012,Historical,Cars,EV,,,,,,
Mexico,2013,Historical,Cars,EV,,,,,,
Mexico,2014,Historical,Cars,EV,,,,,,
Mexico,2015,Historical,Cars,EV,,,,,,
Mexico,2016,Historical,Cars,EV,,,,,,
Mexico,2017,Historical,Cars,EV,,,,,,
Mexico,2018,Historical,Cars,EV,,,,,,
Mexico,2019,Historical,Cars,EV,,,,,,
Mexico,2020,Historical,Cars,EV,,,,,,
Mexico,2021,Historical,Cars,EV,,,,,,
Mexico,2022,Historical,Cars,EV,,,,,,
Mexico,2023,Historical,Cars,EV,,,,,,
Netherlands,2010,Historical,Buses,EV,,,,,,
Netherlands,2011,Historical,Buses,EV,,,,,,
Netherlands,2012,Historical,Buses,EV,,,,,,
Netherlands,2013,Historical,Buses,EV,,,,,,
Netherlands,2014,Historical,Buses,EV,,,,,,
Netherlands,2015,Historical,Buses,EV,,,,,,
Netherlands,2016,Historical,Buses,EV,,,,,,
Netherlands,2017,Historical,Buses,EV,,,,,,
Netherlands,2018,Historical,Buses,EV,,,,,,
Netherlands,2019,Historical,Buses,EV,,,,,,
Netherlands,2020,Historical,Buses,EV,,,,,,
Netherlands,2021,Historical,Buses,EV,,,,,,
Netherlands,2022,Historical,Buses,EV,,,,,,
Netherlands,2023,Historical,Buses,EV,,,,,,
Netherlands,2010,Historical,Cars,EV,,,,,,
Netherlands,2011,Historical,Cars,EV,,,,,,
Netherlands,2012,Historical,Cars,EV,,,,,,
Netherlands,2013,Historical,Cars,EV,,,,,,
Netherlands,2014,Historical,Cars,EV,,,,,,
Netherlands,2015,Historical,Cars,EV,,,,,,
Netherlands,2016,Historical,Cars,EV,,,,,,
Netherlands,2017,Historical,Cars,EV,,,,,,
Netherlands,2018,Historical,Cars,EV,,,,,,
Netherlands,2019,Historical,Cars,EV,,,,,,
Netherlands,2020,Historical,Cars,EV,,,,,,
Netherlands,2021,Historical,Cars,EV,,,,,,
Netherlands,2022,Historical,Cars,EV,,,,,,
Netherlands,2023,Historical,Cars,EV,,,,,,
Netherlands,2010,Historical,Trucks,EV,,,,,,
Netherlands,2011,Historical,Trucks,EV,,,,,,
Netherlands,2012,Historical,Trucks,EV,,,,,,
Netherlands,2013,Historical,Trucks,EV,,,,,,
Netherlands,2014,Historical,Trucks,EV,,,,,,
Netherlands,2015,Historical,Trucks,EV,,,,,,
Netherlands,2016,Historical,Trucks,EV,,,,,,
Netherlands,2017,Historical,Trucks,EV,,,,,,
Netherlands,2018,Historical,Trucks,EV,,,,,,
Netherlands,2019,Historical,Trucks,EV,,,,,,
Netherlands,2020,Historical,Trucks,EV,,,,,,
Netherlands,2021,Historical,Trucks,EV,,,,,,
Netherlands,2022,Historical,Trucks,EV,,,,,,
Netherlands,2023,Historical,Trucks,EV,,,,,,
Netherlands,2010,Historical,Vans,EV,,,,,,
Netherlands,2011,Historical,Vans,EV,,,,,,
Netherlands,2012,Historical,Vans,EV,,,,,,
Netherlands,2013,Historical,Vans,EV,,,,,,
Netherlands,2014,Historical,Vans,EV,,,,,,
Netherlands,2015,Historical,Vans,EV,,,,,,
Netherlands,2016,Historical,Vans,EV,,,,,,
Netherlands,2017,Historical,Vans,EV,,,,,,
Netherlands,2018,Historical,Vans,EV,,,,,,
Netherlands,2019,Historical,Vans,EV,,,,,,
Netherlands,2020,Historical,Vans,EV,,,,,,
Netherlands,2021,Historical,Vans,EV,,,,,,
Netherlands,2022,Historical,Vans,EV,,,,,,
Netherlands,2023,Historical,Vans,EV,,,,,,
New Zealand,2010,Historical,Buses,EV,,,,,,
New Zealand,2011,Historical,Buses,EV,,,,,,
New Zealand,2012,Historical,Buses,EV,,,,,,
New Zealand,2013,Historical,Buses,EV,,,,,,
New Zealand,2014,Historical,Buses,EV,,,,,,
New Zealand,2015,Historical,Buses,EV,,,,,,
New Zealand,2016,Historical,Buses,EV,,,,,,
New Zealand,2017,Historical,Buses,EV,,,,,,
New Zealand,2018,Historical,Buses,EV,,,,,,
New Zealand,2019,Historical,Buses,EV,,,,,,
New Zealand,2020,Historical,Buses,EV,,,,,,
New Zealand,2021,Historical,Buses,EV,,,,,,
New Zealand,2022,Historical,Buses,EV,,,,,,
New Zealand,2023,Historical,Buses,EV,,,,,,
New Zealand,2010,Historical,Cars,EV,,,,,,
New Zealand,2011,Historical,Cars,EV,,,,,,
New Zealand,2012,Historical,Cars,EV,,,,,,
New Zealand,2013,Historical,Cars,EV,,,,,,
New Zealand,2014,Historical,Cars,EV,,,,,,
New Zealand,2015,Historical,Cars,EV,,,,,,
New Zealand,2016,Historical,Cars,EV,,,,,,
New Zealand,2017,Historical,Cars,EV,,,,,,
New Zealand,2018,Historical,Cars,EV,,,,,,
New Zealand,2019,Historical,Cars,EV,,,,,,
New Zealand,2020,Historical,Cars,EV,,,,,,
New Zealand,2021,Historical,Cars,EV,,,,,,
New Zealand,2022,Historical,Cars,EV,,,,,,
New Zealand,2023,Historical,Cars,EV,,,,,,
New Zealand,2019,Historical,Vans,EV,,,,,,
New Zealand,2020,Historical,Vans,EV,,,,,,
New Zealand,2021,Historical,Vans,EV,,,,,,
New Zealand,2022,Historical,Vans,EV,,,,,,
New Zealand,2023,Historical,Vans,EV,,,,,,
Norway,2016,Historical,Buses,EV,,,,,,
Norway,2017,Historical,Buses,EV,,,,,,
Norway,2018,Historical,Buses,EV,,,,,,
Norway,2019,Historical,Buses,EV,,,,,,
Norway,2020,Historical,Buses,EV,,,,,,
Norway,2021,Historical,Buses,EV,,,,,,
Norway,2022,Historical,Buses,EV,,,,,,
Norway,2023,Historical,Buses,EV,,,,,,
Norway,2010,Historical,Cars,EV,,,,,,
Norway,2011,Historical,Cars,EV,,,,,,
Norway,2012,Historical,Cars,EV,,,,,,
Norway,2013,Historical,Cars,EV,,,,,,
Norway,2014,Historical,Cars,EV,,,,,,
Norway,2015,Historical,Cars,EV,,,,,,
Norway,2016,Historical,Cars,EV,,,,,,
Norway,2017,Historical,Cars,EV,,,,,,
Norway,2018,Historical,Cars,EV,,,,,,
Norway,2019,Historical,Cars,EV,,,,,,
Norway,2020,Historical,Cars,EV,,,,,,
Norway,2021,Historical,Cars,EV,,,,,,
Norway,2022,Historical,Cars,EV,,,,,,
Norway,2023,Historical,Cars,EV,,,,,,
Norway,2017,Historical,Trucks,EV,,,,,,
Norway,2018,Historical,Trucks,EV,,,,,,
Norway,2019,Historical,Trucks,EV,,,,,,
Norway,2020,Historical,Trucks,EV,,,,,,
Norway,2021,Historical,Trucks,EV,,,,,,
Norway,2022,Historical,Trucks,EV,,,,,,
Norway,2023,Historical,Trucks,EV,,,,,,
Norway,2010,Historical,Vans,EV,,,,,,
Norway,2011,Historical,Vans,EV,,,,,,
Norway,2012,Historical,Vans,EV,,,,,,
Norway,2013,Historical,Vans,EV,,,,,,
Norway,2014,Historical,Vans,EV,,,,,,
Norway,2015,Historical,Vans,EV,,,,,,
Norway,2016,Historical,Vans,EV,,,,,,
Norway,2017,Historical,Vans,EV,,,,,,
Norway,2018,Historical,Vans,EV,,,,,,
Norway,2019,Historical,Vans,EV,,,,,,
Norway,2020,Historical,Vans,EV,,,,,,
Norway,2021,Historical,Vans,EV,,,,,,
Norway,2022,Historical,Vans,EV,,,,,,
Norway,2023,Historical,Vans,EV,,,,,,
Poland,2015,Historical,Buses,EV,,,,,,
Poland,2016,Historical,Buses,EV,,,,,,
Poland,2017,Historical,Buses,EV,,,,,,
Poland,2018,Historical,Buses,EV,,,,,,
Poland,2019,Historical,Buses,EV,,,,,,
Poland,2020,Historical,Buses,EV,,,,,,
Poland,2021,Historical,Buses,EV,,,,,,
Poland,2022,Historical,Buses,EV,,,,,,
Poland,2023,Historical,Buses,EV,,,,,,
Poland,2010,Historical,Cars,EV,,,,,,
Poland,2011,Historical,Cars,EV,,,,,,
Poland,2012,Historical,Cars,EV,,,,,,
Poland,2013,Historical,Cars,EV,,,,,,
Poland,2014,Historical,Cars,EV,,,,,,
Poland,2015,Historical,Cars,EV,,,,,,
Poland,2016,Historical,Cars,EV,,,,,,
Poland,2017,Historical,Cars,EV,,,,,,
Poland,2018,Historical,Cars,EV,,,,,,
Poland,2019,Historical,Cars,EV,,,,,,
Poland,2020,Historical,Cars,EV,,,,,,
Poland,2021,Historical,Cars,EV,,,,,,
Poland,2022,Historical,Cars,EV,,,,,,
Poland,2023,Historical,Cars,EV,,,,,,
Poland,2010,Historical,Vans,EV,,,,,,
Poland,2011,Historical,Vans,EV,,,,,,
Poland,2012,Historical,Vans,EV,,,,,,
Poland,2013,Historical,Vans,EV,,,,,,
Poland,2014,Historical,Vans,EV,,,,,,
Poland,2015,Historical,Vans,EV,,,,,,
Poland,2016,Historical,Vans,EV,,,,,,
Poland,2017,Historical,Vans,EV,,,,,,
Poland,2018,Historical,Vans,EV,,,,,,
Poland,2019,Historical,Vans,EV,,,,,,
Poland,2020,Historical,Vans,EV,,,,,,
Poland,2021,Historical,Vans,EV,,,,,,
Poland,2022,Historical,Vans,EV,,,,,,
Poland,2023,Historical,Vans,EV,,,,,,
Portugal,2014,Historical,Buses,EV,,,,,,
Portugal,2017,Historical,Buses,EV,,,,,,
Portugal,2018,Historical,Buses,EV,,,,,,
Portugal,2019,Historical,Buses,EV,,,,,,
Portugal,2020,Historical,Buses,EV,,,,,,
Portugal,2021,Historical,Buses,EV,,,,,,
Portugal,2022,Historical,Buses,EV,,,,,,
Portugal,2023,Historical,Buses,EV,,,,,,
Portugal,2010,Historical,Cars,EV,,,,,,
Portugal,2011,Historical,Cars,EV,,,,,,
Portugal,2012,Historical,Cars,EV,,,,,,
Portugal,2013,Historical,Cars,EV,,,,,,
Portugal,2014,Historical,Cars,EV,,,,,,
Portugal,2015,Historical,Cars,EV,,,,,,
Portugal,2016,Historical,Cars,EV,,,,,,
Portugal,2017,Historical,Cars,EV,,,,,,
Portugal,2018,Historical,Cars,EV,,,,,,
Portugal,2019,Historical,Cars,EV,,,,,,
Portugal,2020,Historical,Cars,EV,,,,,,
Portugal,2021,Historical,Cars,EV,,,,,,
Portugal,2022,Historical,Cars,EV,,,,,,
Portugal,2023,Historical,Cars,EV,,,,,,
Portugal,2013,Historical,Vans,EV,,,,,,
Portugal,2014,Historical,Vans,EV,,,,,,
Portugal,2017,Historical,Vans,EV,,,,,,
Portugal,2018,Historical,Vans,EV,,,,,,
Portugal,2019,Historical,Vans,EV,,,,,,
Portugal,2020,Historical,Vans,EV,,,,,,
Portugal,2021,Historical,Vans,EV,,,,,,
Portugal,2022,Historical,Vans,EV,,,,,,
Portugal,2023,Historical,Vans,EV,,,,,,
Rest of the world,2010,Historical,Buses,EV,,,,,,
Rest of the world,2011,Historical,Buses,EV,,,,,,
Rest of the world,2012,Historical,Buses,EV,,,,,,
Rest of the world,2013,Historical,Buses,EV,,,,,,
Rest of the world,2014,Historical,Buses,EV,,,,,,
Rest of the world,2015,Historical,Buses,EV,,,,,,
Rest of the world,2016,Historical,Buses,EV,,,,,,
Rest of the world,2017,Historical,Buses,EV,,,,,,
Rest of the world,2018,Historical,Buses,EV,,,,,,
Rest of the world,2019,Historical,Buses,EV,,,,,,
Rest of the world,2020,Historical,Buses,EV,,,,,,
Rest of the world,2021,Historical,Buses,EV,,,,,,
Rest of the world,2022,Historical,Buses,EV,,,,,,
Rest of the world,2023,Historical,Buses,EV,,,,,,
Rest of the world,2010,Historical,Cars,EV,,,,,,
Rest of the world,2011,Historical,Cars,EV,,,,,,
Rest of the world,2012,Historical,Cars,EV,,,,,,
Rest of the world,2013,Historical,Cars,EV,,,,,,
Rest of the world,2014,Historical,Cars,EV,,,,,,
Rest of the world,2015,Historical,Cars,EV,,,,,,
Rest of the world,2016,Historical,Cars,EV,,,,,,
Rest of the world,2017,Historical,Cars,EV,,,,,,
Rest of the world,2018,Historical,Cars,EV,,,,,,
Rest of the world,2019,Historical,Cars,EV,,,,,,
Rest of the world,2020,Historical,Cars,EV,,,,,,
Rest of the world,2021,Historical,Cars,EV,,,,,,
Rest of the world,2022,Historical,Cars,EV,,,,,,
Rest of the world,2023,Historical,Cars,EV,,,,,,
Rest of the world,2010,Historical,Trucks,EV,,,,,,
Rest of the world,2011,Historical,Trucks,EV,,,,,,
Rest of the world,2012,Historical,Trucks,EV,,,,,,
Rest of the world,2013,Historical,Trucks,EV,,,,,,
Rest of the world,2014,Historical,Trucks,EV,,,,,,
Rest of the world,2015,Historical,Trucks,EV,,,,,,
Rest of the world,2016,Historical,Trucks,EV,,,,,,
Rest of the world,2017,Historical,Trucks,EV,,,,,,
Rest of the world,2018,Historical,Trucks,EV,,,,,,
Rest of the world,2019,Historical,Trucks,EV,,,,,,
Rest of the world,2020,Historical,Trucks,EV,,,,,,
Rest of the world,2021,Historical,Trucks,EV,,,,,,
Rest of the world,2022,Historical,Trucks,EV,,,,,,
Rest of the world,2023,Historical,Trucks,EV,,,,,,
Rest of the world,2011,Historical,Vans,EV,,,,,,
Rest of the world,2012,Historical,Vans,EV,,,,,,
Rest of the world,2013,Historical,Vans,EV,,,,,,
Rest of the world,2014,Historical,Vans,EV,,,,,,
Rest of the world,2015,Historical,Vans,EV,,,,,,
Rest of the world,2016,Historical,Vans,EV,,,,,,
Rest of the world,2017,Historical,Vans,EV,,,,,,
Rest of the world,2018,Historical,Vans,EV,,,,,,
Rest of the world,2019,Historical,Vans,EV,,,,,,
Rest of the world,2020,Historical,Vans,EV,,,,,,
Rest of the world,2021,Historical,Vans,EV,,,,,,
Rest of the world,2022,Historical,Vans,EV,,,,,,
Rest of the world,2023,Historical,Vans,EV,,,,,,
Romania,2015,Historical,Cars,EV,,,,,,
Romania,2016,Historical,Cars,EV,,,,,,
Romania,2017,Historical,Cars,EV,,,,,,
Romania,2018,Historical,Cars,EV,,,,,,
Romania,2019,Historical,Cars,EV,,,,,,
Romania,2020,Historical,Cars,EV,,,,,,
Romania,2021,Historical,Cars,EV,,,,,,
Romania,2022,Historical,Cars,EV,,,,,,
Romania,2023,Historical,Cars,EV,,,,,,
Seychelles,2015,Historical,Cars,EV,,,,,,
Seychelles,2016,Historical,Cars,EV,,,,,,
Seychelles,2017,Historical,Cars,EV,,,,,,
Seychelles,2018,Historical,Cars,EV,,,,,,
Seychelles,2019,Historical,Cars,EV,,,,,,
Seychelles,2020,Historical,Cars,EV,,,,,,
Seychelles,2021,Historical,Cars,EV,,,,,,
Seychelles,2022,Historical,Cars,EV,,,,,,
Seychelles,2023,Historical,Cars,EV,,,,,,
Slovakia,2015,Historical,Cars,EV,,,,,,
Slovakia,2016,Historical,Cars,EV,,,,,,
Slovakia,2017,Historical,Cars,EV,,,,,,
Slovakia,2018,Historical,Cars,EV,,,,,,
Slovakia,2019,Historical,Cars,EV,,,,,,
Slovakia,2020,Historical,Cars,EV,,,,,,
Slovakia,2021,Historical,Cars,EV,,,,,,
Slovakia,2022,Historical,Cars,EV,,,,,,
Slovakia,2023,Historical,Cars,EV,,,,,,
Slovenia,2016,Historical,Cars,EV,,,,,,
Slovenia,2017,Historical,Cars,EV,,,,,,
Slovenia,2018,Historical,Cars,EV,,,,,,
Slovenia,2019,Historical,Cars,EV,,,,,,
Slovenia,2020,Historical,Cars,EV,,,,,,
Slovenia,2021,Historical,Cars,EV,,,,,,
Slovenia,2022,Historical,Cars,EV,,,,,,
Slovenia,2023,Historical,Cars,EV,,,,,,
South Africa,2013,Historical,Cars,EV,,,,,,
South Africa,2014,Historical,Cars,EV,,,,,,
South Africa,2015,Historical,Cars,EV,,,,,,
South Africa,2016,Historical,Cars,EV,,,,,,
South Africa,2017,Historical,Cars,EV,,,,,,
South Africa,2018,Historical,Cars,EV,,,,,,
South Africa,2019,Historical,Cars,EV,,,,,,
South Africa,2020,Historical,Cars,EV,,,,,,
South Africa,2021,Historical,Cars,EV,,,,,,
South Africa,2022,Historical,Cars,EV,,,,,,
South Africa,2023,Historical,Cars,EV,,,,,,
Spain,2014,Historical,Buses,EV,,,,,,
Spain,2015,Historical,Buses,EV,,,,,,
Spain,2016,Historical,Buses,EV,,,,,,
Spain,2017,Historical,Buses,EV,,,,,,
Spain,2018,Historical,Buses,EV,,,,,,
Spain,2019,Historical,Buses,EV,,,,,,
Spain,2020,Historical,Buses,EV,,,,,,
Spain,2021,Historical,Buses,EV,,,,,,
Spain,2022,Historical,Buses,EV,,,,,,
Spain,2023,Historical,Buses,EV,,,,,,
Spain,2010,Historical,Cars,EV,,,,,,
Spain,2011,Historical,Cars,EV,,,,,,
Spain,2012,Historical,Cars,EV,,,,,,
Spain,2013,Historical,Cars,EV,,,,,,
Spain,2014,Historical,Cars,EV,,,,,,
Spain,2015,Historical,Cars,EV,,,,,,
Spain,2016,Historical,Cars,EV,,,,,,
Spain,2017,Historical,Cars,EV,,,,,,
Spain,2018,Historical,Cars,EV,,,,,,
Spain,2019,Historical,Cars,EV,,,,,,
Spain,2020,Historical,Cars,EV,,,,,,
Spain,2021,Historical,Cars,EV,,,,,,
Spain,2022,Historical,Cars,EV,,,,,,
Spain,2023,Historical,Cars,EV,,,,,,
Spain,2016,Historical,Trucks,EV,,,,,,
Spain,2017,Historical,Trucks,EV,,,,,,
Spain,2019,Historical,Trucks,EV,,,,,,
Spain,2020,Historical,Trucks,EV,,,,,,
Spain,2021,Historical,Trucks,EV,,,,,,
Spain,2022,Historical,Trucks,EV,,,,,,
Spain,2023,Historical,Trucks,EV,,,,,,
Spain,2011,Historical,Vans,EV,,,,,,
Spain,2012,Historical,Vans,EV,,,,,,
Spain,2013,Historical,Vans,EV,,,,,,
Spain,2014,Historical,Vans,EV,,,,,,
Spain,2015,Historical,Vans,EV,,,,,,
Spain,2016,Historical,Vans,EV,,,,,,
Spain,2017,Historical,Vans,EV,,,,,,
Spain,2018,Historical,Vans,EV,,,,,,
Spain,2019,Historical,Vans,EV,,,,,,
Spain,2020,Historical,Vans,EV,,,,,,
Spain,2021,Historical,Vans,EV,,,,,,
Spain,2022,Historical,Vans,EV,,,,,,
Spain,2023,Historical,Vans,EV,,,,,,
Sweden,2012,Historical,Buses,EV,,,,,,
Sweden,2013,Historical,Buses,EV,,,,,,
Sweden,2014,Historical,Buses,EV,,,,,,
Sweden,2015,Historical,Buses,EV,,,,,,
Sweden,2016,Historical,Buses,EV,,,,,,
Sweden,2017,Historical,Buses,EV,,,,,,
Sweden,2018,Historical,Buses,EV,,,,,,
Sweden,2019,Historical,Buses,EV,,,,,,
Sweden,2020,Historical,Buses,EV,,,,,,
Sweden,2021,Historical,Buses,EV,,,,,,
Sweden,2022,Historical,Buses,EV,,,,,,
Sweden,2023,Historical,Buses,EV,,,,,,
Sweden,2010,Historical,Cars,EV,,,,,,
Sweden,2011,Historical,Cars,EV,,,,,,
Sweden,2012,Historical,Cars,EV,,,,,,
Sweden,2013,Historical,Cars,EV,,,,,,
Sweden,2014,Historical,Cars,EV,,,,,,
Sweden,2015,Historical,Cars,EV,,,,,,
Sweden,2016,Historical,Cars,EV,,,,,,
Sweden,2017,Historical,Cars,EV,,,,,,
Sweden,2018,Historical,Cars,EV,,,,,,
Sweden,2019,Historical,Cars,EV,,,,,,
Sweden,2020,Historical,Cars,EV,,,,,,
Sweden,2021,Historical,Cars,EV,,,,,,
Sweden,2022,Historical,Cars,EV,,,,,,
Sweden,2023,Historical,Cars,EV,,,,,,
Sweden,2017,Historical,Trucks,EV,,,,,,
Sweden,2018,Historical,Trucks,EV,,,,,,
Sweden,2019,Historical,Trucks,EV,,,,,,
Sweden,2020,Historical,Trucks,EV,,,,,,
Sweden,2021,Historical,Trucks,EV,,,,,,
Sweden,2022,Historical,Trucks,EV,,,,,,
Sweden,2023,Historical,Trucks,EV,,,,,,
Sweden,2011,Historical,Vans,EV,,,,,,
Sweden,2012,Historical,Vans,EV,,,,,,
Sweden,2013,Historical,Vans,EV,,,,,,
Sweden,2014,Historical,Vans,EV,,,,,,
Sweden,2015,Historical,Vans,EV,,,,,,
Sweden,2016,Historical,Vans,EV,,,,,,
Sweden,2017,Historical,Vans,EV,,,,,,
Sweden,2018,Historical,Vans,EV,,,,,,
Sweden,2019,Historical,Vans,EV,,,,,,
Sweden,2020,Historical,Vans,EV,,,,,,
Sweden,2021,Historical,Vans,EV,,,,,,
Sweden,2022,Historical,Vans,EV,,,,,,
Sweden,2023,Historical,Vans,EV,,,,,,
Switzerland,2015,Historical,Buses,EV,,,,,,
Switzerland,2016,Historical,Buses,EV,,,,,,
Switzerland,2017,Historical,Buses,EV,,,,,,
Switzerland,2018,Historical,Buses,EV,,,,,,
Switzerland,2019,Historical,Buses,EV,,,,,,
Switzerland,2020,Historical,Buses,EV,,,,,,
Switzerland,2021,Historical,Buses,EV,,,,,,
Switzerland,2022,Historical,Buses,EV,,,,,,
Switzerland,2023,Historical,Buses,EV,,,,,,
Switzerland,2011,Historical,Cars,EV,,,,,,
Switzerland,2012,Historical,Cars,EV,,,,,,
Switzerland,2013,Historical,Cars,EV,,,,,,
Switzerland,2014,Historical,Cars,EV,,,,,,
Switzerland,2015,Historical,Cars,EV,,,,,,
Switzerland,2016,Historical,Cars,EV,,,,,,
Switzerland,2017,Historical,Cars,EV,,,,,,
Switzerland,2018,Historical,Cars,EV,,,,,,
Switzerland,2019,Historical,Cars,EV,,,,,,
Switzerland,2020,Historical,Cars,EV,,,,,,
Switzerland,2021,Historical,Cars,EV,,,,,,
Switzerland,2022,Historical,Cars,EV,,,,,,
Switzerland,2023,Historical,Cars,EV,,,,,,
Switzerland,2019,Historical,Trucks,EV,,,,,,
Switzerland,2020,Historical,Trucks,EV,,,,,,
Switzerland,2021,Historical,Trucks,EV,,,,,,
Switzerland,2022,Historical,Trucks,EV,,,,,,
Switzerland,2023,Historical,Trucks,EV,,,,,,
Switzerland,2012,Historical,Vans,EV,,,,,,
Switzerland,2013,Historical,Vans,EV,,,,,,
Switzerland,2014,Historical,Vans,EV,,,,,,
Switzerland,2015,Historical,Vans,EV,,,,,,
Switzerland,2016,Historical,Vans,EV,,,,,,
Switzerland,2017,Historical,Vans,EV,,,,,,
Switzerland,2018,Historical,Vans,EV,,,,,,
Switzerland,2019,Historical,Vans,EV,,,,,,
Switzerland,2020,Historical,Vans,EV,,,,,,
Switzerland,2021,Historical,Vans,EV,,,,,,
Switzerland,2022,Historical,Vans,EV,,,,,,
Switzerland,2023,Historical,Vans,EV,,,,,,
Turkiye,2012,Historical,Cars,EV,,,,,,
Turkiye,2013,Historical,Cars,EV,,,,,,
Turkiye,2014,Historical,Cars,EV,,,,,,
Turkiye,2015,Historical,Cars,EV,,,,,,
Turkiye,2016,Historical,Cars,EV,,,,,,
Turkiye,2017,Historical,Cars,EV,,,,,,
Turkiye,2018,Historical,Cars,EV,,,,,,
Turkiye,2019,Historical,Cars,EV,,,,,,
Turkiye,2020,Historical,Cars,EV,,,,,,
Turkiye,2021,Historical,Cars,EV,,,,,,
Turkiye,2022,Historical,Cars,EV,,,,,,
Turkiye,2023,Historical,Cars,EV,,,,,,
USA,2011,Historical,Buses,EV,,,,,,
USA,2012,Historical,Buses,EV,,,,,,
USA,2013,Historical,Buses,EV,,,,,,
USA,2014,Historical,Buses,EV,,,,,,
USA,2015,Historical,Buses,EV,,,,,,
USA,2016,Historical,Buses,EV,,,,,,
USA,2017,Historical,Buses,EV,,,,,,
USA,2018,Historical,Buses,EV,,,,,,
USA,2019,Historical,Buses,EV,,,,,,
USA,2020,Historical,Buses,EV,,,,,,
USA,2021,Historical,Buses,EV,,,,,,
USA,2022,Historical,Buses,EV,,,,,,
USA,2023,Historical,Buses,EV,,,,,,
USA,2010,Historical,Cars,EV,,,,,,
USA,2011,Historical,Cars,EV,,,,,,
USA,2012,Historical,Cars,EV,,,,,,
USA,2013,Historical,Cars,EV,,,,,,
USA,2014,Historical,Cars,EV,,,,,,
USA,2015,Historical,Cars,EV,,,,,,
USA,2016,Historical,Cars,EV,,,,,,
USA,2017,Historical,Cars,EV,,,,,,
USA,2018,Historical,Cars,EV,,,,,,
USA,2019,Historical,Cars,EV,,,,,,
USA,2020,Historical,Cars,EV,,,,,,
USA,2021,Historical,Cars,EV,,,,,,
USA,2022,Historical,Cars,EV,,,,,,
USA,2023,Historical,Cars,EV,,,,,,
United Arab Emirates,2018,Historical,Cars,EV,,,,,,
United Arab Emirates,2019,Historical,Cars,EV,,,,,,
United Arab Emirates,2020,Historical,Cars,EV,,,,,,
United Arab Emirates,2021,Historical,Cars,EV,,,,,,
United Arab Emirates,2022,Historical,Cars,EV,,,,,,
United Arab Emirates,2023,Historical,Cars,EV,,,,,,
United Kingdom,2010,Historical,Buses,EV,,,,,,
United Kingdom,2011,Historical,Buses,EV,,,,,,
United Kingdom,2012,Historical,Buses,EV,,,,,,
United Kingdom,2013,Historical,Buses,EV,,,,,,
United Kingdom,2014,Historical,Buses,EV,,,,,,
United Kingdom,2015,Historical,Buses,EV,,,,,,
United Kingdom,2016,Historical,Buses,EV,,,,,,
United Kingdom,2017,Historical,Buses,EV,,,,,,
United Kingdom,2018,Historical,Buses,EV,,,,,,
United Kingdom,2019,Historical,Buses,EV,,,,,,
United Kingdom,2020,Historical,Buses,EV,,,,,,
United Kingdom,2021,Historical,Buses,EV,,,,,,
United Kingdom,2022,Historical,Buses,EV,,,,,,
United Kingdom,2023,Historical,Buses,EV,,,,,,
United Kingdom,2010,Historical,Cars,EV,,,,,,
United Kingdom,2011,Historical,Cars,EV,,,,,,
United Kingdom,2012,Historical,Cars,EV,,,,,,
United Kingdom,2013,Historical,Cars,EV,,,,,,
United Kingdom,2014,Historical,Cars,EV,,,,,,
United Kingdom,2015,Historical,Cars,EV,,,,,,
United Kingdom,2016,Historical,Cars,EV,,,,,,
United Kingdom,2017,Historical,Cars,EV,,,,,,
United Kingdom,2018,Historical,Cars,EV,,,,,,
United Kingdom,2019,Historical,Cars,EV,,,,,,
United Kingdom,2020,Historical,Cars,EV,,,,,,
United Kingdom,2021,Historical,Cars,EV,,,,,,
United Kingdom,2022,Historical,Cars,EV,,,,,,
United Kingdom,2023,Historical,Cars,EV,,,,,,
United Kingdom,2010,Historical,Trucks,EV,,,,,,
United Kingdom,2011,Historical,Trucks,EV,,,,,,
United Kingdom,2012,Historical,Trucks,EV,,,,,,
United Kingdom,2013,Historical,Trucks,EV,,,,,,
United Kingdom,2014,Historical,Trucks,EV,,,,,,
United Kingdom,2015,Historical,Trucks,EV,,,,,,
United Kingdom,2016,Historical,Trucks,EV,,,,,,
United Kingdom,2017,Historical,Trucks,EV,,,,,,
United Kingdom,2018,Historical,Trucks,EV,,,,,,
United Kingdom,2019,Historical,Trucks,EV,,,,,,
United Kingdom,2020,Historical,Trucks,EV,,,,,,
United Kingdom,2021,Historical,Trucks,EV,,,,,,
United Kingdom,2022,Historical,Trucks,EV,,,,,,
United Kingdom,2023,Historical,Trucks,EV,,,,,,
United Kingdom,2010,Historical,Vans,EV,,,,,,
United Kingdom,2011,Historical,Vans,EV,,,,,,
United Kingdom,2012,Historical,Vans,EV,,,,,,
United Kingdom,2013,Historical,Vans,EV,,,,,,
United Kingdom,2014,Historical,Vans,EV,,,,,,
United Kingdom,2015,Historical,Vans,EV,,,,,,
United Kingdom,2016,Historical,Vans,EV,,,,,,
United Kingdom,2017,Historical,Vans,EV,,,,,,
United Kingdom,2018,Historical,Vans,EV,,,,,,
United Kingdom,2019,Historical,Vans,EV,,,,,,
United Kingdom,2020,Historical,Vans,EV,,,,,,
United Kingdom,2021,Historical,Vans,EV,,,,,,
United Kingdom,2022,Historical,Vans,EV,,,,,,
United Kingdom,2023,Historical,Vans,EV,,,,,,
World,2010,Historical,Buses,EV,,,,,,
World,2011,Historical,Buses,EV,,,,,,
World,2012,Historical,Buses,EV,,,,,,
World,2013,Historical,Buses,EV,,,,,,
World,2014,Historical,Buses,EV,,,,,,
World,2015,Historical,Buses,EV,,,,,,
World,2016,Historical,Buses,EV,,,,,,
World,2017,Historical,Buses,EV,,,,,,
World,2018,Historical,Buses,EV,,,,,,
World,2019,Historical,Buses,EV,,,,,,
World,2020,Historical,Buses,EV,,,,,,
World,2021,Historical,Buses,EV,,,,,,
World,2022,Historical,Buses,EV,,,,,,
World,2023,Historical,Buses,EV,,,,,,
World,2010,Historical,Cars,EV,,,,,,
World,2011,Historical,Cars,EV,,,,,,
World,2012,Historical,Cars,EV,,,,,,
World,2013,Historical,Cars,EV,,,,,,
World,2014,Historical,Cars,EV,,,,,,
World,2015,Historical,Cars,EV,,,,,,
World,2016,Historical,Cars,EV,,,,,,
World,2017,Historical,Cars,EV,,,,,,
World,2018,Historical,Cars,EV,,,,,,
World,2019,Historical,Cars,EV,,,,,,
World,2020,Historical,Cars,EV,,,,,,
World,2021,Historical,Cars,EV,,,,,,
World,2022,Historical,Cars,EV,,,,,,
World,2023,Historical,Cars,EV,,,,,,
World,2010,Historical,Trucks,EV,,,,,,
World,2011,Historical,Trucks,EV,,,,,,
World,2012,Historical,Trucks,EV,,,,,,
World,2013,Historical,Trucks,EV,,,,,,
World,2014,Historical,Trucks,EV,,,,,,
World,2015,Historical,Trucks,EV,,,,,,
World,2016,Historical,Trucks,EV,,,,,,
World,2017,Historical,Trucks,EV,,,,,,
World,2018,Historical,Trucks,EV,,,,,,
World,2019,Historical,Trucks,EV,,,,,,
World,2020,Historical,Trucks,EV,,,,,,
World,2021,Historical,Trucks,EV,,,,,,
World,2022,Historical,Trucks,EV,,,,,,
World,2023,Historical,Trucks,EV,,,,,,
World,2010,Historical,Vans,EV,,,,,,
World,2011,Historical,Vans,EV,,,,,,
World,2012,Historical,Vans,EV,,,,,,
World,2013,Historical,Vans,EV,,,,,,
World,2014,Historical,Vans,EV,,,,,,
World,2015,Historical,Vans,EV,,,,,,
World,2016,Historical,Vans,EV,,,,,,
World,2017,Historical,Vans,EV,,,,,,
World,2018,Historical,Vans,EV,,,,,,
World,2019,Historical,Vans,EV,,,,,,
World,2020,Historical,Vans,EV,,,,,,
World,2021,Historical,Vans,EV,,,,,,
World,2022,Historical,Vans,EV,,,,,,
World,2023,Historical,Vans,EV,,,,,,
